college,cases,LAT,LON
Alabama A&M University,41,34.783368,-86.568502
Alabama State University,,32.364317,-86.295677
Athens State University,2,34.806793,-86.964698
Auburn University,2019,32.599378,-85.488258
Auburn University at Montgomery,59,32.36736,-86.177544
Bevill State Community College,4,33.836929,-87.266406
Birmingham-Southern College,180,33.513774,-86.850552
Calhoun Community College,31,34.645844,-86.949674
Central Alabama Community College,24,32.92478,-85.945266
Enterprise State Community College,31,31.297496,-85.836956
Gadsden State Community College,37,33.994001,-85.991438
Huntingdon College,,32.351034,-86.284366
Jacksonville State University,219,33.822938,-85.765321
Lurleen B. Wallace Community College,9,31.322947,-86.452262
Marion Military Institute,5,32.623734,-87.322041
Miles College,,33.482442,-86.908751
Samford University,370,33.464128,-86.791799
Snead State Community College,11,34.201495,-86.169897
Southern Union State Community College,59,33.128785,-85.572382
Spring Hill College,112,30.694751,-88.138199
Troy University,547,31.800672,-85.957094
Troy University Dothan,12,31.280632,-85.470866
Troy University Montgomery,13,32.376305,-86.310895
Troy University-Phenix City Campus,8,32.474218,-84.997001
Tuskegee University,62,32.4309,-85.708492
University of Alabama,2882,33.211875,-87.545978
University of Alabama at Birmingham,1562,33.505697,-86.799345
University of Alabama in Huntsville,91,34.724557,-86.640449
University of Montevallo,101,33.10625,-86.865099
University of North Alabama,301,34.806738,-87.681361
University of South Alabama,322,30.696033,-88.178711
University of West Alabama,,32.588132,-88.186329
Ilisagvik College,,71.324702,-156.679486
University of Alaska Anchorage,7,61.190163,-149.82619
University of Alaska Fairbanks,85,64.85756,-147.823146
University of Alaska Southeast,1,58.384846,-134.638255
American Samoa Community College,0,-14.322636,-170.742774
Arizona State University,2369,33.417721,-111.934383
Arizona Western College,5,32.689306,-114.495968
Dine College,7,36.293328,-109.21684
Embry-Riddle Aeronautical University at Prescott,37,34.616766,-112.449741
Grand Canyon University,80,33.513231,-112.129929
Midwestern University at Glendale,66,33.663853,-112.183633
Mohave Community College,,35.270996,-114.029838
Northern Arizona University,215,35.188449,-111.653724
University of Arizona,2433,32.232672,-110.950815
Arkansas Northeastern College,28,35.898597,-89.921005
Arkansas State University,618,35.842388,-90.679988
Arkansas Tech University,293,35.293237,-93.13562
Black River Technical College,51,36.239793,-90.951033
Harding University,250,35.247386,-91.726143
Henderson State University,108,34.128155,-93.059703
Hendrix College,15,35.101565,-92.443256
John Brown University,35,36.189812,-94.560283
Lyon College,12,35.777619,-91.625354
National Park College,29,34.512687,-93.119248
NorthWest Arkansas Community College,13,36.357704,-94.17289
Ouachita Baptist University,130,34.126093,-93.052471
Southern Arkansas University,125,33.291618,-93.235922
University of Arkansas,2167,36.070009,-94.176981
University of Arkansas Community College Rich Mountain,19,34.591449,-94.219799
University of Arkansas Community College at Hope - Texarkana,16,33.474797,-94.004275
University of Arkansas Community College-Morrilton,34,35.172136,-92.728507
University of Arkansas at Fort Smith,79,35.384184,-94.373729
University of Arkansas at Little Rock,130,34.723254,-92.339778
University of Arkansas at Monticello,34,33.590909,-91.811153
University of Arkansas at Pine Bluff,139,34.244031,-92.018683
University of Arkansas for Medical Sciences,57,34.749048,-92.320046
University of Central Arkansas,332,35.077945,-92.457672
University of the Ozarks,43,35.476278,-93.467221
Academy of Art University,,37.787943,-122.400578
Antelope Valley College,10,34.676207,-118.186166
Azusa Pacific University,,34.130047,-117.888375
Bakersfield College,0,35.40911,-118.973753
Biola University,6,33.906203,-118.014374
California Baptist University,,33.929321,-117.425619
California Institute of Technology,25,34.137349,-118.125878
California Lutheran University,6,34.224566,-118.878924
"California Polytechnic State University, San Luis Obispo",217,35.299513,-120.65731100000001
"California State Polytechnic University, Pomona",15,34.057912,-117.821476
California State University Maritime Academy,3,38.069061,-122.231551
"California State University, Bakersfield",5,35.350005,-119.104711
"California State University, Channel Islands",6,34.162949,-119.04356
"California State University, Chico",199,39.729712,-121.844859
"California State University, Dominguez Hills",9,33.864766,-118.255917
"California State University, East Bay",21,37.657694,-122.054135
"California State University, Fullerton",7,33.881506,-117.885446
"California State University, Long Beach",32,33.782818,-118.11204
"California State University, Los Angeles",83,34.066927,-118.168965
"California State University, Monterey Bay",5,36.652397,-121.796178
"California State University, Northridge",36,34.240126,-118.529319
"California State University, Sacramento",36,38.559415,-121.423549
"California State University, San Bernardino",30,34.182622,-117.323801
"California State University, San Marcos",26,33.130569,-117.159013
"California State University, Stanislaus",11,37.52577,-120.852511
Chapman University,37,33.79302,-117.852518
Claremont McKenna College,,34.102154,-117.711188
Concordia University Irvine,10,33.653665,-117.812305
Cypress College,9,33.82833,-118.025143
Dominican University of California,3,37.981279,-122.512051
Feather River College,7,39.953101,-120.973067
Foothill College,0,37.361655,-122.127964
Fresno Pacific University,,36.726831,-119.735199
Fresno State University,27,36.811154,-119.744569
Harvey Mudd College,5,34.106515,-117.709837
Holy Names University,2,37.802276,-122.187804
Humboldt State University,11,40.877481,-124.078293
Los Angeles Community College District,171,,
Loyola Marymount University,1,33.97085,-118.415744
Menlo College,3,37.453475,-122.190797
Mills College,3,37.781425,-122.182294
MiraCosta College,8,33.190483,-117.302606
Modesto Junior College,,37.651056,-121.009792
Naval Postgraduate School,,36.597159,-121.874248
Notre Dame de Namur University,0,37.517111,-122.284794
Occidental College,5,34.127124,-118.210908
Pepperdine University,23,34.037786,-118.707077
Pitzer College,1,34.104107,-117.706675
Point Loma Nazarene University,26,32.718391,-117.250265
Pomona College,1,34.099027,-117.714556
Rio Hondo College,18,34.019821,-118.033506
Saint Mary's College of California,9,37.840731,-122.109031
San Diego Mesa College,21,32.803825,-117.169165
San Diego Miramar College,5,32.909757,-117.120261
San Diego State University System,1237,32.77525,-117.071228
San Francisco State University,6,37.721224,-122.476799
San Jose State University,51,37.336569,-121.880621
Santa Ana College,0,33.759309,-117.887558
Santa Clara University,35,37.348362,-121.93784
Santa Monica College,4,34.017022,-118.469765
Scripps College,4,34.104147,-117.711294
Shasta College,5,40.625731,-122.317982
Skyline College,0,37.63042,-122.467335
Solano Community College,0,38.235881,-122.122368
Sonoma State University,4,38.340274,-122.677066
Southwestern College,8,32.640281,-116.996803
Stanford University,147,37.429434,-122.167359
Teachers College of San Joaquin,,37.90797,-121.229911
"University of California, Berkeley",229,37.871918,-122.260463
"University of California, Davis",88,38.539667,-121.749567
"University of California, Hastings College of Law",5,37.781137,-122.4157
"University of California, Irvine",131,33.648434,-117.841248
"University of California, Los Angeles",219,34.068892,-118.443901
"University of California, Merced",17,37.366237,-120.424944
"University of California, Riverside",73,33.97246,-117.32741
"University of California, San Diego",362,32.877749,-117.235866
"University of California, San Francisco",,37.763737,-122.458489
"University of California, Santa Barbara",12,34.416297,-119.846426
"University of California, Santa Cruz",20,36.995584,-122.058801
University of La Verne,0,34.100855,-117.773262
University of Redlands,9,34.064218,-117.163218
University of San Diego,157,32.770816,-117.192073
University of San Francisco,9,37.776618,-122.450477
University of Southern California,548,34.021281,-118.284169
University of the Pacific,10,37.981424,-121.312301
Westmont College,7,34.450151,-119.662517
Whittier College,5,33.978773,-118.032299
Adams State University,11,37.473636,-105.879642
Arapahoe Community College,20,39.607505,-105.018631
Colorado Christian University,16,39.71388,-105.09456
Colorado College,16,38.84886,-104.822697
Colorado Mesa University,111,39.080643,-108.553275
Colorado Mountain College Glenwood Springs,8,39.54636,-107.324441
Colorado School of Mines,84,39.751443,-105.223364
Colorado State University,520,40.574805,-105.080732
Colorado State University-Pueblo,38,38.30859,-104.579033
Community College of Denver,89,39.741413,-105.001044
Fort Lewis College,33,37.275939,-107.867422
Front Range Community College,18,39.901452,-105.038068
Johnson & Wales University-Denver,1,39.746101,-104.906281
Metropolitan State University of Denver,38,39.744202,-105.00504
Morgan Community College,3,40.258792,-103.771822
Pikes Peak Community College,25,38.764287,-104.787261
Pueblo Community College,5,38.262124,-104.636258
Red Rocks Community College,0,39.720277,-105.150094
Regis University,71,39.788175,-105.030756
Trinidad State Junior College,2,37.172059,-104.513451
United States Air Force Academy,2,39.010957,-104.891358
University of Colorado Boulder,1806,40.008781,-105.270823
University of Colorado Colorado Springs,35,38.892735,-104.800296
University of Colorado Denver and Anschutz Medical Campus,64,39.745149,-104.837722
University of Denver,233,39.678005,-104.963259
University of Northern Colorado,61,40.410855,-104.692777
Western Colorado University,12,38.549936,-106.919132
Albertus Magnus College,4,41.332519,-72.923848
Central Connecticut State University,93,41.692502,-72.765991
Connecticut College,25,41.379833,-72.107321
Eastern Connecticut State University,41,41.721673,-72.218753
Fairfield University,304,41.157673,-73.255903
Mitchell College,2,41.328013,-72.09523
Post University,0,41.535549,-73.081497
Quinnipiac University,23,41.418915,-72.894117
Sacred Heart University,338,41.220893,-73.243332
Southern Connecticut State University,39,41.333225,-72.947897
Trinity College,28,41.747451,-72.690882
Tunxis Community College,,41.705498,-72.87754
United States Coast Guard Academy,9,41.375823,-72.101583
University of Bridgeport,10,41.164741,-73.190166
University of Connecticut,327,41.809098,-72.249948
University of Hartford,41,41.798591,-72.715213
University of New Haven,34,41.291314,-72.961472
University of Saint Joseph,3,41.781041,-72.72965
Wesleyan University,9,41.554665,-72.657146
Western Connecticut State University,24,41.400365,-73.444264
Yale University,219,41.311158,-72.926688
Delaware State University,77,39.187173,-75.54053
Delaware Technical Community College Dover ,5,39.198371,-75.56012
Delaware Technical Community College Georgetown,41,38.696677,-75.406093
Delaware Technical Community College Stanton,14,39.740508,-75.552283
Goldey-Beacom College,0,39.741501,-75.689624
University of Delaware,443,39.679577,-75.752822
Wesley College,14,39.163182,-75.527716
Wilmington University,,39.682299,-75.586998
AdventHealth University,2,28.576142,-81.367687
American Institute of Beauty,1,27.915072,-82.749094
Atlantic Technical College,1,26.24278,-80.192271
Ave Maria University,27,26.335983,-81.438945
Barry University,1,25.878908,-80.198925
Bethune-Cookman University,1,29.207195,-81.032946
Broward College,49,26.119422,-80.14183
Charlotte Technical College,,27.005558,-82.147238
Chipola College,5,30.789228,-85.23139
City College at Gainesville,1,29.654852,-82.417302
College of Central Florida,49,29.166079,-82.175692
Daytona State College,72,29.203275,-81.049685
Eastern Florida State College,12,28.38361,-80.756474
Eckerd College,3,27.715798,-82.687043
Edward Waters College,7,30.34479,-81.684879
Embry-Riddle Aeronautical University at Daytona Beach,83,29.189903,-81.048367
Flagler College,61,29.892733,-81.314887
Florida A&M University,106,30.428504,-84.290226
Florida Atlantic University,252,26.372421,-80.102978
Florida Career College at Tampa,1,27.980705,-82.337004
Florida College,50,28.034936,-82.383289
Florida Gateway College,,30.175298,-82.5679
Florida Gulf Coast University,303,26.463638,-81.7726
Florida Institute of Recording Sound and Technology,1,28.57897,-81.411511
Florida Institute of Technology,53,28.065815,-80.622893
Florida International University,190,25.75732,-80.373928
Florida Memorial University,111,25.918278,-80.270753
Florida National University,,25.86178,-80.321846
Florida Polytechnic University,10,28.150149,-81.845995
Florida SouthWestern State College,18,26.552403,-81.887102
Florida Southern College,49,28.032443,-81.948203
Florida State College at Jacksonville,25,30.334918,-81.659901
Florida State University,1656,30.440756,-84.291921
Fort Myers Technical College,2,26.647517,-81.836596
Fortis Institute at Port Saint Lucie,1,27.3016,-80.303751
George Stone Technical College,1,30.487547,-87.290659
Gulf Coast State College,47,30.185542,-85.727918
Gwinnett Institute,1,28.571233,-81.208356
HCI College,1,26.702663,-80.085147
HCI College at Fort Lauderdale,,26.203916,-80.160343
Hillsborough Community College,29,27.934888,-82.456253
Immokalee Technical College,3,26.426526,-81.425148
Indian River State College,34,27.42416,-80.358682
Jacksonville University,44,30.353227,-81.60458
Johnson & Wales University-North Miami,0,25.894337,-80.164797
Keiser University at Fort Myers,1,26.629125,-81.803666
Keiser University at Jacksonville,1,30.25906,-81.602771
Keiser University at Lakeland,2,28.076491,-81.980557
Keiser University at Melbourne,2,28.094849,-80.622998
Keiser University at Sarasota,1,27.384562,-82.445749
Keiser University at Tallahassee,,30.504039,-84.24769
Keiser University at West Palm Beach,1,26.713572,-80.151201
Lake-Sumter State College,0,28.828649,-81.797193
Lively Technical College,1,30.448534,-84.339057
Lorenzo Walker Technical College,0,26.141141,-81.763568
Lynn University,41,26.385985,-80.122806
Meridian College,1,27.380724,-82.425309
Miami Dade College,9,25.777717,-80.190856
New College of Florida,2,27.384925,-82.55858
North Florida College,14,30.473841,-83.420732
Northwest Florida State College,25,30.540017,-86.47456
Nova Southeastern University,1,26.079337,-80.24248
Palm Beach Atlantic University,35,26.7044,-80.05247
Palm Beach State College,41,26.61256,-80.08653
Pasco-Hernando State College,8,28.2751,-82.646727
Paul Mitchell the School-Jacksonville,,30.259433,-81.527515
Pensacola State College,36,30.479267,-87.200265
Polk State College,34,28.032411,-81.711873
Rasmussen College at Fort Myers,1,26.62684,-81.80407
Rollins College,27,28.592787,-81.349239
Saint Leo University,34,28.336776,-82.257801
Santa Fe College,25,29.681037,-82.433143
Seminole State College of Florida,12,28.745482,-81.308003
South Florida State College,32,27.56974,-81.508667
Southeastern College at West Palm Beach,1,26.702216,-80.085966
Southeastern University,12,28.029733,-81.918382
St. Johns River State College,15,29.647516,-81.681387
St. Petersburg College,40,27.90242,-82.717331
St. Thomas University,4,25.922071,-80.253273
"State College of Florida, Manatee-Sarasota",47,27.43804,-82.590887
Stetson University,114,29.035475,-81.300746
Strayer University at Fort Lauderdale,,26.12229,-80.173641
Tallahassee Community College,102,30.443866,-84.339
The College of the Florida Keys,6,24.582748,-81.74446
University of Central Florida,1544,28.602159,-81.200889
University of Florida,3634,29.64629,-82.347911
University of Fort Lauderdale,1,26.147098,-80.204938
University of Miami,596,25.72126,-80.278662
University of North Florida,172,30.27194,-81.509144
University of South Florida,642,28.061458,-82.413232
University of South Florida Sarasota-Manatee,8,27.39158,-82.562725
"University of South Florida, St. Petersburg",17,27.763872,-82.636136
University of Tampa,559,27.948455,-82.46483
University of West Florida,145,30.549076,-87.218511
Valencia College,35,28.520898,-81.471466
Webber International University,3,27.838778,-81.532315
Abraham Baldwin Agricultural College,35,31.481889,-83.528281
Agnes Scott College,1,33.769268,-84.295459
Albany State University,110,31.56928,-84.141825
Atlanta Metropolitan State College,0,33.70893,-84.404659
Augusta University,234,33.47037,-81.989071
Berry College,210,34.290414,-85.189202
Brenau University,48,34.303117,-83.821513
Clark Atlanta University,0,33.747628,-84.412584
Clayton State University,77,33.594079,-84.328174
College of Coastal Georgia,62,31.182745,-81.485973
Columbus State University,72,32.50096,-84.94106
Covenant College,15,34.965161,-85.375066
Dalton State College,38,34.774221,-85.002775
East Georgia State College,52,32.594944,-82.309021
Emmanuel College,11,34.283641,-83.14822
Emory University,206,33.790183,-84.325512
Fort Valley State University,50,32.537595,-83.89537
Georgia College & State University,740,33.082787,-83.231962
Georgia Gwinnett College,110,33.979409,-84.00459
Georgia Highlands College,55,34.169791,-85.207356
Georgia Institute of Technology,984,33.77242,-84.394832
Georgia Military College,1,33.07944,-83.224211
Georgia Southern University,1211,32.426153,-81.784045
Georgia Southwestern State University,41,32.054662,-84.217738
Georgia State University,237,33.7527,-84.38667
Gordon State College,19,33.04571,-84.154508
Kennesaw State University,370,34.038807,-84.583052
LaGrange College,21,33.038564,-85.043113
Mercer University,281,32.831787,-83.648295
Middle Georgia State University,197,32.808092,-83.732058
Morehouse College,,33.745982,-84.414917
Oglethorpe University,3,33.875441,-84.333687
Piedmont College,,34.566042,-83.542126
Savannah State University,40,32.024781,-81.063377
Shorter University,,34.257543,-85.196529
South Georgia State College,35,31.495903,-82.855231
University of Georgia,4049,33.956262,-83.374039
University of North Georgia,431,34.530219,-83.985694
University of West Georgia,191,33.573621,-85.097762
Valdosta State University,158,30.847402,-83.289282
Wesleyan College,24,32.876037,-83.715417
Young Harris College,37,34.933523,-83.84587
University of Guam,,13.433047,144.803978
Brigham Young University-Hawaii,3,21.642074,-157.926586
Chaminade University of Honolulu,,21.28995,-157.807851
Hawaii Pacific University,1,21.310306,-157.859645
Kapiolani Community College,3,21.27148,-157.800213
Leeward Community College,3,21.39267,-157.983771
University of Hawaii Maui College,1,20.88956,-156.477252
University of Hawaii at Hilo,3,19.701189,-155.080847
University of Hawaii at Manoa,23,21.298598,-157.818979
University of Hawaii-West Oahu,0,21.35531,-158.056403
Boise State University,507,43.604284,-116.203301
Brigham Young University-Idaho,119,43.818408,-111.782431
College of Idaho ,43,43.652284,-116.677992
College of Southern Idaho,107,42.579837,-114.473901
Idaho State University,285,42.863832,-112.432312
Lewis-Clark State College,34,46.412199,-117.024875
North Idaho College,38,47.67569,-116.798905
Northwest Nazarene University,37,43.562411,-116.565783
University of Idaho,424,46.727406,-117.014167
Augustana College,23,41.502365,-90.55057
Aurora University,51,41.753631,-88.349023
Benedictine University,7,41.777569,-88.097307
Blackburn College,,39.287896,-89.870241
Bradley University,351,40.696896,-89.616786
Chicago State University,21,41.718446,-87.609384
Columbia College Chicago,3,41.874261,-87.624667
Concordia University Chicago,4,41.898696,-87.809482
DePaul University,12,41.877618,-87.62724
Dominican University,41,41.902678,-87.823003
Eastern Illinois University,357,39.479843,-88.175658
Elmhurst University,34,41.897164,-87.945369
Eureka College,23,40.71482,-89.269624
Governors State University,18,41.449103,-87.716441
Greenville University,34,38.894162,-89.40824
Illinois College,8,39.7313,-90.246171
Illinois Institute of Technology,60,41.8313,-87.627321
Illinois State University,1438,40.509403,-88.990058
Illinois Wesleyan University,131,40.489901,-88.992014
Kaskaskia College,44,38.562112,-89.191974
Knox College,24,40.943064,-90.373165
Lake Forest College,7,42.249574,-87.827454
Lake Land College,41,39.416969,-88.380835
Lewis University,58,41.605432,-88.079032
Loyola University Chicago,19,42.000765,-87.656872
McKendree University,100,38.608154,-89.816822
Midwestern University at Downers Grove,49,41.828115,-87.998342
Millikin University,59,39.842612,-88.976298
Monmouth College,29,40.914824,-90.63731
Moody Bible Institute,11,41.897822,-87.633459
North Central College,39,41.77576,-88.14279
North Park University,69,41.975268,-87.709948
Northeastern Illinois University,66,41.980399,-87.718983
Northern Illinois University ,340,41.933869,-88.766428
Northwestern University,170,42.050356,-87.679858
Olivet Nazarene University,23,41.155237,-87.875165
Parkland College,76,40.131963,-88.290359
Principia College,3,38.948835,-90.350285
Quincy University,129,39.938898,-91.385975
Rockford University,54,42.270639,-89.019536
Saint Xavier University,42,41.707199,-87.714749
School of the Art Institute of Chicago,10,41.88105,-87.625758
Southeastern Illinois College,11,37.75174,-88.436631
Southern Illinois University Carbondale,108,37.714193,-89.217273
Southern Illinois University Edwardsville,140,38.793949,-89.997779
Southwestern Illinois College,,38.516406,-89.924466
University of Chicago,142,41.787994,-87.599539
University of Illinois Springfield,67,39.729524,-89.616796
University of Illinois Urbana-Champaign,2802,40.104718,-88.229114
University of Illinois at Chicago,232,41.871837,-87.650503
Western Illinois University,170,40.468086,-90.686899
Wheaton College,4,41.870176,-88.099643
Anderson University,8,40.112768,-85.664315
Ball State University,1087,40.203431,-85.409043
Butler University,165,39.8374,-86.172167
DePauw University,23,39.640904,-86.860363
Earlham College,14,39.823431,-84.915037
Franklin College,38,39.478298,-86.047182
Goshen College,46,41.563582,-85.827795
Hanover College,,38.715642,-85.460051000000007
Indiana State University,99,39.469073,-87.407846
Indiana University Bloomington,3139,39.16609,-86.526559
Indiana University East,19,39.868707,-84.881923
Indiana University Kokomo,14,40.460062,-86.132048
Indiana University Northwest,6,41.557324,-87.337249
Indiana University South Bend,15,41.665324,-86.221991
Indiana University Southeast,9,38.345191,-85.819985
Indiana University-Purdue University Indianapolis,105,39.772948,-86.172217
Manchester University,12,41.010549,-85.762643
Marian University,64,39.813233,-86.202643
Oakland City University,2,38.340891,-87.35144
Purdue University,1376,40.428206,-86.914435
Purdue University - Purdue Polytechnic Anderson,,40.09019,-85.654078
Purdue University - Purdue Polytechnic Columbus,,39.251345,-85.90086
Purdue University - Purdue Polytechnic Indianapolis,,39.730742,-86.300501
Purdue University - Purdue Polytechnic Kokomo,,40.459512,-86.131832
Purdue University - Purdue Polytechnic Lafayette,,40.376555,-86.796238
Purdue University - Purdue Polytechnic New Albany,,38.338707,-85.798801
Purdue University - Purdue Polytechnic Richmond,,39.867812,-84.881944
Purdue University - Purdue Polytechnic South Bend,,41.661509,-86.221842
Purdue University - Purdue Polytechnic Vincennes,,38.689809,-87.522656
Purdue University Fort Wayne,80,41.117278,-85.108962
Purdue University Northwest,78,41.584324,-87.474236
Rose-Hulman Institute of Technology,51,39.483602,-87.326749
Saint Mary's College,53,41.707274,-86.256947
Taylor University,29,40.456246,-85.497034
Trine University,109,41.632502,-85.008009
University of Evansville,79,37.971549,-87.531644
University of Indianapolis,99,39.709571,-86.133969
University of Notre Dame,949,41.703058,-86.238959
University of Southern Indiana,299,37.962374,-87.677214
Valparaiso University,41,41.462239,-87.040172
Vincennes University,12,38.687766,-87.519939
Wabash College,14,40.037588,-86.906
Buena Vista University,43,42.642255,-95.208529
Central College,30,41.401539,-92.922199
Clarke University,55,42.509475,-90.690487
Coe College,36,41.988263,-91.658192
Cornell College,7,41.924554,-91.423741
Dordt University,28,43.082527,-96.166562
Drake University,14,41.60129,-93.652163
Eastern Iowa Community College District,60,41.522179,-90.574459
Ellsworth Community College,32,42.527524,-93.265853
Graceland University,37,40.615966,-93.924893
Grand View University,67,41.620813,-93.604352
Grinnell College,10,41.747952,-92.722094
Hawkeye Community College,101,42.430003,-92.330633
Iowa State University,1399,42.026212,-93.648504
Iowa Wesleyan University,123,40.973791,-91.552459
Loras College,,42.503908,-90.679023
Luther College,7,43.312304,-91.802809
Marshalltown Community College,9,42.00065,-92.909411
Morningside College,140,42.473891,-96.359464
Northwestern College,78,42.999007,-96.058772
Saint Ambrose University,31,41.54065,-90.579854
Simpson College,36,41.365503,-93.563471
University of Dubuque,50,42.49726,-90.693428
University of Iowa,2143,41.661935,-91.536425
University of Northern Iowa,202,42.514923,-92.459703
Upper Iowa University,65,42.838283,-91.799543
Wartburg College,69,42.7277,-92.483387
William Penn University,30,41.310111,-92.647095
Allen County Community College,16,37.938038,-95.396377
Baker University,77,38.777278,-95.188231
Benedictine College,114,39.572646,-95.111473
Bethel College,127,38.075169,-97.343256
Butler Community College,95,37.806699,-96.882987
Central Christian College,10,38.357978,-97.668597
Dodge City Community College,13,37.776891,-100.037481
Emporia State University,76,38.414784,-96.179021
Fort Hays State University,292,38.872156,-99.342503
Haskell Indian Nations University,,38.938834,-95.232879
Hesston College,7,38.134558,-97.433883
Hutchinson Community College,21,38.068035,-97.92135
Johnson County Community College,94,38.924125,-94.727798
Kansas State University,888,39.188648,-96.581077
Kansas Wesleyan University,27,38.813795,-97.607973
Labette Community College,5,37.339062,-95.255368
Newman University,29,37.672643,-97.37768
Pittsburg State University,181,37.392071,-94.702473
Southwestern College,57,37.248608,-96.975405
Sterling College,5,38.219937,-98.208644
University of Kansas,1093,38.958549,-95.247567
Washburn University,84,39.033778,-95.702222
Wichita State University,62,37.718882,-97.292361
Alice Lloyd College,75,37.335087,-82.875068
Asbury Theological Seminary,5,37.861561,-84.660127
Asbury University,7,37.862029,-84.662606
Ashland Community and Technical College,4,38.469201,-82.650664
Beckfield College,1,39.017166,-84.641475
Bellarmine University,130,38.219279,-85.704997
Berea College ,7,37.57202,-84.292893
Big Sandy Community and Technical College,5,37.688248,-82.778847
Bluegrass Community and Technical College,114,38.024808,-84.503665
Campbellsville University,35,37.343342,-85.348943
Centre College,22,37.645709,-84.779392
Clear Creek Baptist Bible College,3,36.725236,-83.727702
Eastern Kentucky University,242,37.740845,-84.300796
Elizabethtown Community and Technical College,22,37.692858,-85.879927
Frontier Nursing University,1,37.165605,-83.37937
Galen College of Nursing-Louisville,3,38.277005,-85.695972
Gateway Community and Technical College,7,38.960638,-84.633478
Georgetown College,28,38.207615,-84.553767
Hazard Community and Technical College,7,37.234897,-83.175644
Henderson Community College,21,37.797687,-87.650091
Hopkinsville Community College,13,36.882654,-87.488297
Jefferson Community and Technical College,55,38.246027,-85.753615
Kentucky Christian University,1,38.338805,-82.945561
Kentucky State University,104,38.201427,-84.855402
Kentucky Wesleyan College,21,37.744489,-87.119658
Lexington Healing Arts Academy,1,38.013756,-84.522938
Lexington Theological Seminary,1,37.996332,-84.526079
Lindsey Wilson College,46,37.101502,-85.299997
Madisonville Community College,15,37.362661,-87.512137
Maysville Community and Technical College,5,38.626607,-83.806786
MedQuest College,5,38.224517,-85.560650999999993
Midway University,24,38.146126,-84.678142
Morehead State University,84,38.186768,-83.434021
Murray State University,282,36.612419,-88.323629
Northern Kentucky University,39,39.029714,-84.463483
Owensboro Community and Technical College,10,37.717355,-87.082861
Paul Mitchell the School-Lexington,3,37.980361,-84.548281
Somerset Community College,18,37.059599,-84.617546
Southcentral Kentucky Community and Technical College,47,36.984827,-86.476717
Southeast Kentucky Community and Technical College,7,36.966051,-82.997661
Spalding University,6,38.242407,-85.757725
Sullivan University,7,38.212824,-85.670489
The Southern Baptist Theological Seminary,1,38.248216,-85.687649
Thomas More University,73,39.022963,-84.568923
Transylvania University,82,38.052983,-84.493202
Union College,47,36.870875,-83.888477
University of Kentucky,2264,38.038911,-84.504747
University of Louisville,715,38.216862,-85.760412
University of Pikeville,108,37.479232,-82.521063
University of the Cumberlands,82,36.737048,-84.161646
West Kentucky Community and Technical College,17,37.054081,-88.658762
Western Kentucky University,755,36.985035,-86.456828
Centenary College of Louisiana,37,32.483335,-93.730834
Grambling State University,33,32.523797,-92.713245
Louisiana College,,31.324528,-92.425973
Louisiana State University,1146,30.414986,-91.178921
Louisiana State University Alexandria,54,31.178616,-92.414409
"Louisiana State University Health Sciences Center, New Orleans",278,29.957272,-90.083145
"Louisiana State University Health Sciences Center, Shreveport",1,32.480683,-93.761018000000007
"Louisiana State University, Shreveport",25,32.428465,-93.70561
Louisiana Tech University,423,32.528297,-92.649963
Loyola University New Orleans,71,29.936141,-90.120417
McNeese State University,,30.178187,-93.217222
Nicholls State University,137,29.794486,-90.801571
Northwestern State University of Louisiana,288,31.750666,-93.097797
Southeastern Louisiana University,131,30.514652,-90.468676
Southern University Law Center,8,30.523898,-91.194417
Southern University and A&M College,118,30.524558,-91.190105
Southern University at New Orleans,15,30.026162,-90.044912
Tulane University of Louisiana,734,29.940069,-90.122144
University of Louisiana Monroe,163,32.527748,-92.07374
University of Louisiana at Lafayette,140,30.212191,-92.020165
University of New Orleans,47,30.027704,-90.067142
Bates College,5,44.105299,-70.203333
Bowdoin College,3,43.907134,-69.963942
Colby College,12,44.564211,-69.66337
Husson University,2,44.829002,-68.791476
Maine Maritime Academy,4,44.389654,-68.804347
Saint Joseph's College of Maine,11,43.826314000000004,-70.483373
Thomas College,0,44.524909,-69.664734
University of Maine,8,44.899257,-68.669332
University of Maine Farmington,1,44.666911,-70.147121
University of Maine at Augusta,2,44.337746,-69.796396
University of Maine at Fort Kent,2,47.250389,-68.589319
University of Maine at Machias,0,44.708803,-67.458025
University of Maine at Presque Isle,0,46.672285,-68.016343
University of New England,17,43.458591,-70.38535
University of Southern Maine,5,43.662863,-70.274247
College of the Marshall Islands,0,7.102688,171.378129
Bowie State University,46,39.018185,-76.759721
Coppin State University,8,39.311258,-76.658687
Frostburg State University,70,39.650918,-78.934293
Goucher College,0,39.410175,-76.594843
Hood College,20,39.420631,-77.419049
Johns Hopkins University,403,39.328977,-76.621595
Loyola University Maryland,,39.346358,-76.621872
McDaniel College,16,39.584231,-77.001992
Morgan State University,15,39.344161,-76.585565
Mount St. Mary's University,24,39.681705,-77.351887
Notre Dame of Maryland University,6,39.350612,-76.619739
Salisbury University,446,38.34648,-75.604815
St. Mary's College of Maryland,24,38.190904,-76.429097
Stevenson University,45,39.421988,-76.702092
Towson University,491,39.393622,-76.611164
United States Naval Academy,8,38.980507,-76.481692
University of Baltimore,,39.305834,-76.616591
University of Maryland Eastern Shore,35,38.207386,-75.686852
"University of Maryland, Baltimore",1,39.286864,-76.623983
"University of Maryland, Baltimore County",36,39.256686,-76.711607
"University of Maryland, College Park",775,38.988178,-76.944721
Washington College,14,39.217329,-76.06878
American International College,8,42.112346,-72.558338
Amherst College,5,42.372459,-72.518493
Anna Maria College,9,42.330542,-71.91896
Assumption College,5,42.294226,-71.828991
Babson College,13,42.297017,-71.264057
Bay Path University,3,42.055088,-72.583382
Becker College,0,42.269171,-71.811894
Bentley University,14,42.385995,-71.222839
Boston College,222,42.336213,-71.169242
Boston University,183,42.351118,-71.107942
Brandeis University,19,42.365727,-71.260155
Bridgewater State University,8,41.98749,-70.974553
Clark University,8,42.249987,-71.823356
College of Our Lady of the Elms,2,42.141781,-72.60154
College of the Holy Cross,21,42.23752,-71.808214
Curry College,56,42.238061,-71.116539
Dean College,,42.085634,-71.397813
Eastern Nazarene College,9,42.271228,-71.011079
Emerson College,20,42.352202,-71.065384
Emmanuel College,4,42.340602,-71.103634
Endicott College,11,42.553296,-70.840847
Fitchburg State University,6,42.588298,-71.789666
Framingham State University,21,42.297116,-71.437565
Franklin W Olin College of Engineering,1,42.293527,-71.263378
Gordon College,6,42.590567,-70.82151
Hampshire College,0,42.325852,-72.531469
Harvard University,93,42.374471,-71.118313
Hebrew College,1,42.325677,-71.189226
Lasell University,6,42.342148,-71.24347
Lesley University,0,42.38012,-71.117303
Massachusetts College of Art and Design,0,42.336862000000004,-71.099275
Massachusetts College of Liberal Arts,3,42.691361,-73.102817
Massachusetts College of Pharmacy and Health Sciences,20,42.336825,-71.101244
Massachusetts Institute of Technology,58,42.359243,-71.093226
Massachusetts Maritime Academy,1,41.739072,-70.624084
Merrimack College,123,42.668344,-71.124216
Mount Holyoke College,3,42.256838,-72.575511
Nichols College,5,42.044033,-71.930283
Northeastern University,133,42.339992,-71.088782
Pine Manor College,,42.320827,-71.156464
Regis College,1,42.351291,-71.310561
Salem State University,4,42.503575,-70.890234
Simmons University,2,42.3393,-71.099967
Smith College,2,42.318111,-72.638097
Springfield College,5,42.101576,-72.556751
Stonehill College,8,42.05905,-71.080632
Suffolk University,23,42.357945,-71.060917
Tufts University,42,42.40855,-71.118293
University of Massachusetts Amherst,156,42.385999,-72.526728
University of Massachusetts Boston,24,42.312881,-71.036865
University of Massachusetts Dartmouth,29,41.62869,-71.004552
University of Massachusetts Lowell,2,42.652864,-71.326809
University of Massachusetts Medical School,16,42.278002,-71.762144
Wellesley College,3,42.291554,-71.306605
Wentworth Institute of Technology,11,42.336632,-71.094983
Western New England University,9,42.115017,-72.520466
Westfield State University,5,42.132698,-72.796503
Wheaton College,3,41.966637,-71.183979
Williams College,6,42.712725,-73.203132
Worcester Polytechnic Institute,16,42.274853,-71.808339
Worcester State University,0,42.267526,-71.844018
Adrian College,268,41.898591,-84.061481
Albion College,24,42.245049,-84.745639
Alma College,34,43.38004,-84.672053
Alpena Community College,4,45.081647,-83.445069
Andrews University,22,41.963859,-86.355815
Aquinas College,25,42.96019,-85.628785
Bay College,10,45.772586,-87.085228
Bay Mills Community College,1,46.454584,-84.607089
Calvin University,54,42.929916,-85.587548
Central Michigan University,337,43.591203,-84.77525
Cleary University,2,42.586638,-83.879987
Concordia University Ann Arbor,4,42.273157,-83.68268
Cornerstone University,2,42.979966,-85.595328
Davenport University,7,42.850013,-85.533519
Eastern Michigan University,151,42.24694,-83.622501
Ferris State University,259,43.687724,-85.481925
Finlandia University,26,47.127868,-88.588756
Grand Rapids Community College,44,42.967076,-85.665625
Grand Valley State University,1029,42.963001,-85.889826
Henry Ford College,6,42.324639,-83.236056
Hillsdale College,,41.933682,-84.633195
Hope College,54,42.787298,-86.102089
Jackson College,1,42.16483,-84.403942
Kalamazoo College,22,42.290789,-85.601857
Kettering University,4,43.012468,-83.71282
Kuyper College,6,43.02195,-85.592657
Lake Michigan College,3,42.097276,-86.393445
Lake Superior State University,11,46.492849,-84.365573
Lawrence Technological University,24,42.474072,-83.25003
Madonna University,14,42.384323,-83.404722
Michigan State University,1514,42.73212,-84.476111
Michigan Technological University,201,47.11866,-88.548092
Mott Community College,3,43.019941,-83.67243
Northern Michigan University,78,46.559751,-87.406568
Northwestern Michigan College,5,44.765436,-85.585517
Northwood University,76,43.628717,-84.27682
Oakland University,75,42.674573,-83.216418
Olivet College,60,42.442891,-84.923891
Saginaw Valley State University,107,43.51176,-83.964273
Schoolcraft College,13,42.419279,-83.430958
Siena Heights University,17,41.905624,-84.018841
Spring Arbor University,18,42.206568,-84.556074
University of Detroit Mercy,52,42.414222,-83.139158
University of Michigan,628,42.275921,-83.742769
University of Michigan-Dearborn,8,42.317287,-83.231417
University of Michigan-Flint,7,43.01875,-83.690276
Washtenaw Community College,2,42.26361,-83.66559
Wayne State University,97,42.358994,-83.068998
Western Michigan University,733,42.282194,-85.613759
Alexandria Technical & Community College,15,45.873107,-95.372369
Anoka Technical College,7,45.216709,-93.416087
Anoka-Ramsey Community College,29,45.172978,-93.351697
Augsburg University,36,44.966307,-93.240436
Bemidji State University,114,47.482341,-94.874119
Bethany Lutheran College,12,44.166649,-93.990805
Bethel University,71,45.057655,-93.161663
Carleton College,15,44.462318,-93.154666
Central Lakes College-Brainerd,14,46.345863,-94.214266
Central Lakes College-Staples,3,46.389171,-94.798474
Century College,28,45.041823,-92.982105
College of Saint Benedict,,45.561792,-94.319888
Concordia College at Moorhead,161,46.862482,-96.76749
"Concordia University, St. Paul",20,44.949759,-93.154861
Crown College,7,44.885393,-93.743019
Dakota County Technical College,5,44.737255,-93.07805
Fond du Lac Tribal and Community College,2,46.690069,-92.451326
Gustavus Adolphus College,28,44.323626,-93.972196
Hamline University,25,44.966246,-93.164479
Hennepin Technical College,18,45.096534,-93.397759
Hibbing Community College,9,47.422361,-92.921698
Inver Hills Community College,4,44.828599,-93.055255
Itasca Community College,5,47.241919,-93.49555
Lake Superior College,36,46.78455,-92.145151
Macalester College,10,44.938565,-93.168053
Martin Luther College,18,44.30526,-94.472326
Mesabi Range College,6,47.470889,-92.525195
Mesabi Range College,,47.524561,-92.549092
Metropolitan State University,36,44.957256,-93.074361
Minneapolis Community and Technical College,25,44.972679,-93.284507
Minnesota State College Southeast,14,44.024554,-91.618318
Minnesota State Community and Technical College,66,46.289194,-96.097321
Minnesota State University Moorhead,143,46.867153,-96.759532
"Minnesota State University, Mankato",129,44.146712,-93.99945
Minnesota West Community and Technical College,19,44.80755,-95.56172
Normandale Community College,18,44.829706,-93.331673
North Central University,,44.968625,-93.261511
North Hennepin Community College,16,45.106937,-93.374536
Northland Community and Technical College,28,48.124969,-96.162366
Northwest Technical College,7,47.452652,-94.853974
Pine Technical & Community College,5,45.818667,-92.968283
Ridgewater College,17,45.138313,-95.07305
Riverland Community College,20,43.676271,-92.995626
Rochester Community and Technical College,55,44.014488,-92.42321
Saint John's University,,45.580075,-94.393621
Saint Mary's University of Minnesota,32,44.044736,-91.695449
South Central College,4,44.174319,-94.047428
Southwest Minnesota State University,77,44.45373,-95.759548
St. Catherine University,52,44.924926,-93.183761
St. Cloud State University,116,45.553227,-94.152657
St. Cloud Technical and Community College,14,45.579065,-94.175841
St. Olaf College,41,44.461529,-93.182039
St. Paul College,14,44.949186,-93.109646
The College of Saint Scholastica,,46.816082,-92.106134
University of Minnesota Crookston,2,47.802536,-96.606188
University of Minnesota Duluth,190,46.817126,-92.084385
University of Minnesota Morris,8,45.589775,-95.899729
University of Minnesota Rochester,5,44.022339,-92.463471
University of Minnesota Twin Cities,356,44.972851,-93.235464
"University of Northwestern, St. Paul",18,45.033703,-93.167822
University of St. Thomas,249,44.943439,-93.188986
Vermilion Community College,0,47.905184,-91.837777
Winona State University,464,44.046159,-91.643723
Alcorn State University,105,31.877216,-91.142854
Belhaven University,20,32.318415,-90.169228
Delta State University,133,33.744745,-90.735365
Jackson State University,17,32.296105,-90.207405
Millsaps College,43,32.322746,-90.179957
Mississippi College,35,32.335515,-90.329821
Mississippi Delta Community College,45,33.444906,-90.502053
Mississippi State University,582,33.454852,-88.790139
Mississippi University for Women,34,33.493305,-88.418601
Mississippi Valley State University,53,33.514142,-90.341274
Northeast Mississippi Community College,47,34.668339,-88.562609
Rust College,1,34.776862,-89.446999
University of Mississippi,743,34.365529,-89.537434
University of Mississippi Medical Center,498,32.328727,-90.173455
University of Southern Mississippi,301,31.32661,-89.331236
Central Methodist University,243,39.150497,-92.685253
College of the Ozarks,2,36.616019,-93.238174
Crowder College,74,36.814906,-94.368315
Drury University,88,37.219681,-93.286192
Evangel University,131,37.220956,-93.262614
Fontbonne University,12,38.642697,-90.315712
Graceland University at Independence,3,39.094017,-94.433651
Harris-Stowe State University,26,38.631744,-90.224288
Kansas City Art Institute,5,39.046353,-94.583594
Lincoln University of Missouri,10,38.564431,-92.166724
Lindenwood University,137,38.785425,-90.501286
Maryville University Saint Louis,94,38.644774,-90.505998
Missouri Baptist University,64,38.641526,-90.462586
Missouri Southern State University,197,37.095155,-94.461689
Missouri State University,1257,37.199258,-93.281281
Missouri University of Science and Technology,151,37.953426,-91.775583
Missouri Western State University,24,39.7575,-94.785643
Northwest Missouri State University,464,40.351692,-94.883339
Ozarks Technical Community College,327,37.216479,-93.279985
Rockhurst University,30,39.032318,-94.573003
Saint Louis University,190,38.636801,-90.2351
Southeast Missouri State University,342,37.311107,-89.531187
Southwest Baptist University,134,37.602425,-93.407056
St. Louis College of Pharmacy,20,38.636904,-90.260617
St. Louis Community College,32,38.745678,-90.437078
State Fair Community College,111,38.696423,-93.268028
Stephens College,20,38.95204,-92.319204
Truman State University,126,40.188267,-92.581658
University of Central Missouri,572,38.759111,-93.737428
University of Missouri,1936,38.94531,-92.328843
University of Missouri-Kansas City,179,39.034179,-94.582141
University of Missouri-St. Louis,117,38.710312,-90.311091
Washington University in St. Louis,94,38.647929,-90.310604
Webster University,11,38.588875,-90.345151
Westminster College,68,38.849354,-91.955273
William Jewell College,23,39.247844,-94.413126
William Woods University,34,38.860287,-91.950416
Carroll College,8,46.600771,-112.040285
Flathead Valley Community College,1,48.227389,-114.327258
Great Falls College Montana State University,1,47.485581,-111.269558
Helena College,2,46.595384,-112.016035
Montana State University,282,45.666726,-111.048812
Montana State University Billings,32,45.796896,-108.523009
Montana State University Northern,6,48.54149,-109.687806
Montana Technological University,76,46.012868,-112.559511
Rocky Mountain College,5,45.796522,-108.554075
Salish Kootenai College,,47.598592,-114.111635
Stone Child College,,48.289808,-109.870182
University of Montana,241,46.859312,-113.982912
University of Montana Western,30,45.208306,-112.639264
Chadron State College,64,42.8199,-103.001615
"Concordia University, Nebraska",70,40.914853,-97.089054
Creighton University,365,41.265361,-95.947811
Doane University,108,40.622952,-96.950932
Hastings College,33,40.59025,-98.374403
Midland University,113,41.43674,-96.488008
Nebraska Wesleyan University,188,40.839098,-96.64831
Peru State College,88,40.474689,-95.732731
University of Nebraska Medical Center,16,41.256312,-95.973966
University of Nebraska at Kearney,181,40.701452,-99.098699
University of Nebraska at Omaha,208,41.258769,-96.008516
University of Nebraska-Lincoln,1008,40.817598,-96.700508
Wayne State College,158,42.241556,-97.015122
College of Southern Nevada,83,36.158114,-115.233099
Great Basin College,3,40.84343,-115.767274
Nevada State College,15,35.982345,-114.938044
Truckee Meadows Community College,23,39.571402,-119.796975
"University of Nevada, Las Vegas",240,36.106047,-115.138462
"University of Nevada, Reno",727,39.543642,-119.815377
Western Nevada College,7,39.186158,-119.79036
Colby-Sawyer College,3,43.411663,-71.975805
Dartmouth College,21,43.704115,-72.289949
Franklin Pierce University,19,42.78014,-72.058011
Granite State College,0,43.19291,-71.527241
Great Bay Community College,1,43.072093,-70.798969
Keene State College,8,42.926452,-72.279276
Lakes Region Community College,1,43.507568,-71.462602
NHTI-Concord's Community College,1,43.223621,-71.531979
Nashua Community College,2,42.794576,-71.523462
New England College,17,43.176403,-71.822282
Plymouth State University,18,43.759573,-71.690164
Rivier University,3,42.738676,-71.45626
Saint Anselm College,23,42.986889,-71.503622
Southern New Hampshire University,0,43.038922,-71.451842
University of New Hampshire,222,43.135934,-70.932465
Bloomfield College,5,40.795105,-74.194309
Caldwell University,1,40.832753,-74.272571
Centenary University,1,40.84764,-74.833644
College of Saint Elizabeth,0,40.78182,-74.438221
Drew University,1,40.761829,-74.424584
Fairleigh Dickinson University,2,40.897209,-74.028986
Fairleigh Dickinson University Florham,5,40.774498,-74.432121
Felician University,1,40.867272,-74.096452
Georgian Court University,8,40.099617,-74.228186
Kean University,12,40.677981,-74.233503
Monmouth University,347,40.280066,-74.006447
Montclair State University,49,40.860414,-74.198141
New Jersey City University,1,40.709937,-74.08727
New Jersey Institute of Technology,13,40.741997,-74.177113
Princeton University,75,40.348732,-74.659365
Ramapo College of New Jersey,18,41.080942,-74.174086
Rider University,16,40.278796,-74.737833
Rowan University,611,39.709108,-75.119119
Rutgers University,364,40.498769,-74.446251
Saint Peter's University,5,40.727105,-74.071541
Seton Hall University,17,40.742336,-74.246027
Stevens Institute of Technology,18,40.744776,-74.025334
Stockton University,119,39.492036,-74.531087
The College of New Jersey,3,40.268651,-74.778791
Thomas Edison State University,,40.220487,-74.768562
William Paterson University,15,40.945255,-74.200248
Eastern New Mexico University,24,34.175592,-103.34819
Institute of American Indian Arts,0,35.586563,-106.010015
Navajo Technical University,1,35.687431,-108.149392
New Mexico Highlands University,7,35.596233,-105.219197
New Mexico Institute of Mining and Technology,3,34.067041,-106.905211
New Mexico Military Institute,6,33.409617,-104.524448
New Mexico State University,169,32.281568,-106.752069
Northern New Mexico College,0,36.004073,-106.084395
San Juan College,7,36.770446,-108.169468
Santa Fe Community College,4,35.605871,-105.998054
University of New Mexico,128,35.083868,-106.620155
Western New Mexico University,13,32.7767,-108.283284
Adelphi University,28,40.721439,-73.653321
Adirondack Community College,3,43.351839,-73.654813
Albany College of Pharmacy and Health Sciences,1,42.650371,-73.779063
Albany Medical College,1,42.65382,-73.777289
Alfred University,12,42.254476,-77.788106
Bard College,1,42.020386,-73.909927
Barnard College,2,40.810098000000004,-73.963346
Bryant & Stratton College,2,43.058909,-76.13672
CUNY Baruch College,32,40.740238,-73.983417
CUNY Borough of Manhattan Community College,24,40.71879,-74.011826
CUNY Bronx Community College,11,40.858112,-73.912043
CUNY Brooklyn College,23,40.631517,-73.949898
CUNY City College of New York,24,40.819846,-73.948542
CUNY College of Staten Island,3,40.601831,-74.14849
CUNY Guttman Community College,1,40.75281,-73.984131
CUNY Hostos Community College,1,40.81812,-73.926759
CUNY Hunter College,60,40.768669,-73.964795
CUNY John Jay College of Criminal Justice,6,40.770351,-73.98841
CUNY Kingsborough Community College,7,40.577222,-73.935812
CUNY LaGuardia Community College,37,40.7445,-73.935057
CUNY Lehman College,8,40.872962,-73.895379
CUNY Medgar Evers College,2,40.666256,-73.957076
CUNY New York City College of Technology,10,40.695483,-73.987856
CUNY Queens College,20,40.735182,-73.816098
CUNY Queensborough Community College,6,40.755481,-73.756656
CUNY School of Law,0,40.747797,-73.943621
CUNY York College,35,40.701576,-73.796313
Canisius College,36,42.925206,-78.852577
Cazenovia College,4,42.932489,-75.854882
Clarkson University,8,44.662716,-74.999359
Clinton Community College,1,44.64841,-73.439739
Colgate University,50,42.819475,-75.536346
College of Mount Saint Vincent,6,40.913657,-73.908886999999993
Columbia University,25,40.808286,-73.961885
Columbia-Greene Community College,0,42.217613,-73.818113
Concordia College New York,9,40.943382,-73.82202
Cornell University,166,42.4472,-76.483084
D'Youville College,18,42.902636,-78.890868
Daemen College,10,42.965605,-78.788111
Dominican College,2,41.047419,-73.950555
Dutchess Community College,8,41.724245,-73.904652
Elmira College,167,42.0961,-76.813459
Erie Community College,18,42.881771,-78.872679
Farmingdale State College,41,40.754224,-73.42832
Fashion Institute of Technology,14,40.74731,-73.994781
Finger Lakes Community College,9,42.867556,-77.241801
Fordham University,39,40.859354,-73.882705
Fulton-Montgomery Community College,3,42.983805,-74.297492
Genesee Community College,4,43.016584,-78.137586
Hamilton College,3,43.050245,-75.408195
Hartwick College,21,42.457599,-75.071994
Herkimer County Community College,3,43.032738,-75.007206
Hilbert College,3,42.75464,-78.820257
Hobart William Smith Colleges,39,42.858131,-76.985516
Hofstra University,117,40.715959,-73.60078
Houghton College,1,42.426137,-78.155426
Hudson Valley Community College,22,42.696509,-73.683734
Iona College,94,40.925725,-73.788046
Ithaca College,25,42.422154,-76.494136
Jamestown Community College,13,42.1146,-79.218967
Keuka College,56,42.615253,-77.090562
Le Moyne College,17,43.049192,-76.090435
Long Island University,53,40.820714,-73.593678
Manhattan College,31,40.889756,-73.901893
Manhattanville College,4,41.032187,-73.715645
Marist College,75,41.720937,-73.935484
Marymount Manhattan College,2,40.768787,-73.959767
Medaille College,41,42.92856,-78.855941
Mercy College,29,41.021626,-73.874447
Mohawk Valley Community College,3,43.076765,-75.219367
Molloy College,19,40.685941,-73.626183
Monroe College,13,40.864459,-73.900215
Monroe Community College,41,43.101036,-77.610136
Mount Saint Mary College,9,41.513872,-74.012655
Nassau Community College,37,40.728872,-73.595286
Nazareth College,41,43.101576,-77.518579
New York Chiropractic College,4,42.91173,-76.756232
New York Institute of Technology,4,40.812447,-73.6078
New York Medical College,3,41.085031,-73.810042
New York University,408,40.729452,-73.997264
Niagara County Community College,16,43.147701,-78.87579
Niagara University,26,43.137279,-79.036689
Nyack College,2,40.705756,-74.015628
Onondaga Community College,17,43.006329,-76.197878
Orange County Community College,10,41.438629,-74.426028
Pace University,74,40.711014,-74.004719
Pratt Institute,4,40.691297,-73.96431
Rensselaer Polytechnic Institute,7,42.729978,-73.676646
Roberts Wesleyan College,7,43.125755,-77.798498
Rochester Institute of Technology,22,43.084188,-77.67386
Rockland Community College,3,41.133929,-74.085969
Russell Sage College,2,42.72822,-73.693711
SUNY Albany,180,42.685489,-73.824662
SUNY Alfred State College of Technology,28,42.255262,-77.794631999999993
SUNY Binghamton,224,42.087868,-75.966889
SUNY Brockport,25,43.211926,-77.947188
SUNY Broome Community College,21,42.135872,-75.908065
SUNY Buffalo State,43,42.933832,-78.882125
SUNY Canton,5,44.604096,-75.182906
SUNY Cobleskill,10,42.672534,-74.498258
SUNY College at Potsdam,16,44.662148,-74.973815
SUNY College of Environmental Science and Forestry,3,43.034765,-76.138724
SUNY College of Optometry,15,40.754465,-73.982236
SUNY Corning Community College,16,42.116736,-77.072138
SUNY Cortland,484,42.598022,-76.188655
SUNY Delhi,5,42.269859,-74.924612
SUNY Downstate Health Sciences University,72,40.653855,-73.945535
SUNY Empire State College,27,43.077283,-73.782484
SUNY Geneseo,40,42.796645,-77.821894
SUNY Maritime College,27,40.807217,-73.795309
SUNY Morrisville,19,42.893962,-75.640583
SUNY New Paltz,48,41.740936,-74.082188
SUNY Old Westbury,25,40.799021,-73.571907
SUNY Oneonta,721,42.468861,-75.063632
SUNY Oswego,281,43.454287,-76.540798
SUNY Plattsburgh,13,44.69293,-73.466536
SUNY Polytechnic Institute,4,43.137701,-75.229841
SUNY Purchase College,27,41.047223,-73.701955
SUNY University at Buffalo,229,43.000942,-78.789458
SUNY Westchester Community College,63,41.068458,-73.789669
SUNY at Fredonia,122,42.452236,-79.337375
Sarah Lawrence College,3,40.9355,-73.843727
Schenectady County Community College,4,42.814412,-73.950008
Siena College,67,42.717602,-73.7526
Skidmore College,6,43.097035,-73.785335
St. Bonaventure University,14,42.080191,-78.481107
St. Francis College,2,40.693228,-73.992164
St. John Fisher College,6,43.116259,-77.513056
St. John's University,36,40.722523,-73.796104
St. Joseph's College Long Island,6,40.775933,-73.024661
St. Joseph's College New York,2,40.690418,-73.967664
St. Lawrence University,2,44.589879,-75.161343
St. Thomas Aquinas College,14,41.041576,-73.936799
Stony Brook University,507,40.91476,-73.12046
Suffolk County Community College,135,40.848963,-73.056165
Syracuse University,222,43.040176,-76.136975
The College of Saint Rose,4,42.664297,-73.786661
"The Graduate Center, CUNY",2,40.748612,-73.983822
The New School,2,40.735508,-73.997114
Tompkins Cortland Community College,10,42.502006,-76.287586
Touro College,17,40.753199,-73.989404
Trocaire College,4,42.846693,-78.812398
Ulster County Community College,2,41.851218,-74.128698
Union College,10,42.818097,-73.928788
United States Merchant Marine Academy,3,40.81357,-73.763004
United States Military Academy West Point,109,41.390479,-73.956603
University of Rochester,22,43.126397,-77.631202
Upstate Medical University,59,43.041819,-76.140009
Utica College,17,43.096213,-75.272916
Vassar College,35,41.686895,-73.895088
Wagner College,14,40.615588,-74.092913
Weill Cornell Medical College,3,40.764738,-73.954839
Wells College,0,42.742943,-76.696028
Yeshiva University,3,40.850605,-73.929873
Appalachian State University,1067,36.215536,-81.680583
Barton College,88,35.734376,-77.913867
Belmont Abbey College,63,35.260651,-81.041315
Brevard College,6,35.236763,-82.729494
Campbell University,102,35.409149,-78.738238
Carolinas College of Health Sciences,4,35.200295,-80.838535
Catawba College,15,35.691443,-80.482751
Chowan University,3,36.436258,-77.099141
Davidson College,25,35.499767,-80.843979
Duke University,153,36.001135,-78.937624
Durham Technical Community College,4,35.974768,-78.8817
East Carolina University,1390,35.607186,-77.368291
Elizabeth City State University,38,36.277978,-76.214041
Elon University,310,36.104148,-79.50344
Fayetteville State University,122,35.073641,-78.891696
Gardner-Webb University,118,35.24732,-81.668141
Greensboro College,27,36.071082,-79.800232
Guilford College,22,36.094233,-79.887737
High Point University,153,35.972035,-79.994675
Johnson & Wales University-Charlotte,3,35.233502,-80.851208
Johnson C Smith University,1,35.243033,-80.857251
Lees-McRae College ,22,36.162477,-81.873371
Lenoir-Rhyne University,24,35.739968,-81.327598
Livingstone College,,35.670877,-80.483956
Mars Hill University,14,35.82752,-82.551827
Meredith College,47,35.799351,-78.689995
Methodist University,37,35.135058,-78.874426
Montreat College,13,35.646577,-82.2976
North Carolina A&T State University,211,36.07282,-79.773375
North Carolina Central University,81,35.974237,-78.898602
North Carolina State University,1180,35.785111,-78.674517
North Carolina Wesleyan College,24,36.019665,-77.773982
Pfeiffer University,40,35.484696,-80.283168
Queens University of Charlotte,0,35.189051,-80.833509
Saint Augustine's University,,35.785468,-78.621301
Salem College,0,36.086271000000004,-80.241297
Shaw University,6,35.771181,-78.637693
University of Mount Olive,38,35.208166,-78.069388
University of North Carolina Asheville,22,35.617068,-82.565392
University of North Carolina School of the Arts,8,36.076183,-80.235672
University of North Carolina Wilmington,616,34.225223,-77.875527
University of North Carolina at Chapel Hill,1248,35.911769,-79.050969
University of North Carolina at Charlotte,418,35.306022,-80.730919
University of North Carolina at Greensboro,161,36.068236,-79.809414
University of North Carolina at Pembroke,297,34.688313,-79.200347
Wake Forest University,175,36.133609,-80.277446
Wake Technical Community College,34,35.650151,-78.706126
Warren Wilson College,0,35.610328,-82.442619
Western Carolina University,233,35.308979,-83.186258
William Peace University,8,35.789139,-78.637697
Wingate University,82,34.986064,-80.44305
Winston-Salem State University,45,36.089554,-80.225033
Bismarck State College,132,46.821459,-100.816534
Dakota College at Bottineau,18,48.832505,-100.441103
Dickinson State University,87,46.882917,-102.799679
Lake Region State College,27,48.127948,-98.869034
Mayville State University,17,47.505415,-97.322554
Minot State University,269,48.246961,-101.29861
North Dakota State College of Science,92,46.272158,-96.607379
North Dakota State University,368,46.893127,-96.800838
Nueta Hidatsa Sahnish College,,47.983311,-102.472814
Sitting Bull College,,46.085288,-100.674735
University of Mary,,46.723767,-100.75274
University of North Dakota,1055,47.921654,-97.071738
Valley City State University,41,46.918517,-98.00389
Williston State College,93,48.158603,-103.613066
Northern Marianas College,,15.152247,145.721733
Air Force Institute of Technology-Graduate School of Engineering & Management,,39.782221,-84.082618
Ashland University,49,40.861755,-82.321061
Baldwin Wallace University,49,41.373017,-81.851145
Bluffton University,2,40.895606,-83.899439
Bowling Green State University,509,41.375513,-83.640896
Bowling Green State University Firelands,3,41.397521,-82.594156
Capital University,6,39.954875,-82.937867
Case Western Reserve University,47,41.507419,-81.609596
Cedarville University,28,39.749237,-83.814692
Central State University,10,39.715787,-83.880186
Clark State Community College,,39.896411,-83.799788
Cleveland State University,1,41.502281,-81.674355
Columbus College of Art and Design,1,39.966074,-82.989479
Cuyahoga Community College District,3,41.494906,-81.683533
Defiance College,69,41.296842,-84.357075
Denison University,10,40.071505,-82.523272
Franciscan University of Steubenville,20,40.376919,-80.620524
Heidelberg University,60,41.114833,-83.168387
Hiram College,9,41.3107,-81.143981
John Carroll University,120,41.491321,-81.531338
Kent State University,282,41.146653,-81.342533
Kent State University Geauga Campus,0,41.483727,-81.143085
Kent State University at Ashtabula,0,41.888296,-80.830377
Kent State University at East Liverpool,0,40.616966,-80.576702
Kent State University at Salem,0,40.86408,-80.835458
Kent State University at Stark,0,40.868568,-81.43731
Kent State University at Trumbull,0,41.278748,-80.836232999999993
Kent State University at Tuscarawas,0,40.467736,-81.407707
Kenyon College,2,40.374408,-82.397977
Lake Erie College,13,41.717841,-81.251817
Lorain County Community College,0,41.413293,-82.073549
Malone University,12,40.825662,-81.376863
Marietta College,5,39.41668,-81.450045
Miami University (Ohio),2189,39.507757,-84.732954
Mount Saint Joseph University,12,39.095893,-84.639453
Muskingum University,0,39.996426,-81.73703
North Central State College,,40.798777,-82.581582
Northeast Ohio Medical University,11,41.102919,-81.245302
Notre Dame College,16,41.506894,-81.516617
Oberlin College,13,41.291992,-82.216795
Ohio Dominican University,75,39.992764,-82.940689
Ohio Northern University,32,40.7662,-83.827441
Ohio State University,3350,39.999324,-83.014853
Ohio University,519,39.326798,-82.100985
Ohio University-Chillicothe,1,39.329404,-83.002175
Ohio University-Eastern,0,40.073392,-80.976073
Ohio University-Lancaster,0,39.738752,-82.586069
Ohio University-Southern ,4,38.524781,-82.666876
Ohio University-Zanesville ,1,39.96098,-82.031063
Ohio Wesleyan University,113,40.295963,-83.069757
Otterbein University,50,40.125327,-82.936444
Shawnee State University,29,38.730867,-82.993769
Sinclair Community College,17,39.757598,-84.200628
Terra State Community College,9,41.354111,-83.157799
The College of Wooster,24,40.81046,-81.934674
The University of Findlay,45,41.053344,-83.652313
Tiffin University,53,41.118316,-83.184197
University of Akron,79,41.078551,-81.511679
University of Cincinnati,708,39.131159,-84.51428
University of Cincinnati-Blue Ash College,,39.234333,-84.399956
University of Dayton,1396,39.739547,-84.176113
University of Mount Union,44,40.905256,-81.111029
University of Toledo,396,41.660572,-83.614714
Ursuline College,5,41.497035,-81.465118
Walsh University,44,40.873908,-81.369931
Wilmington College,6,39.444744,-83.818342
Wittenberg University,182,39.934029,-83.815445
Wright State University,50,39.780634,-84.064881
Wright State University-Lake Campus,1,40.546074,-84.509194
Xavier University,42,39.149547,-84.47465
Youngstown State University,29,41.104928,-80.64659
Cameron University,64,34.606487,-98.434163
East Central University,6,34.771934,-96.663849
Langston University,30,35.943982,-97.260317
Northeastern State University,100,35.919939,-94.967229
Northern Oklahoma College,106,36.678649,-97.295887
Northwestern Oklahoma State University,19,36.796658,-98.667673
Oklahoma Baptist University,,35.360492,-96.932459
Oklahoma Christian University,125,35.611412,-97.469526
Oklahoma City University,36,35.495271,-97.541242
Oklahoma Panhandle State University,82,36.594518,-101.638488
Oklahoma State University,1560,36.123085,-97.069743
Oklahoma State University Center for Health Sciences,31,36.137977,-96.005702
Oklahoma State University Institute of Technology,35,35.626934,-95.940373
Oklahoma State University-Oklahoma City,6,35.474969,-97.581959
Oral Roberts University,1,36.049129,-95.952547
Rogers State University,,36.321437,-95.635718
Southeastern Oklahoma State University,81,34.006808,-96.376864
Southern Nazarene University,,35.513295,-97.629504
Southwestern Oklahoma State University,243,35.535281,-98.707768
University of Central Oklahoma,408,35.6552,-97.471508
University of Oklahoma,542,35.209407,-97.444211
University of Science and Arts of Oklahoma,12,35.031392,-97.95641
University of Tulsa,102,36.152324,-95.945941
Eastern Oregon University,14,45.319795,-118.092495
George Fox University,5,45.303629,-122.967494
Lane Community College,13,44.009325,-123.032644
Lewis & Clark College,3,45.450882,-122.669137
Linfield University,7,45.201173,-123.199642
Linfield University-School of Nursing,1,45.531476,-122.697773
Oregon Health & Science University,138,45.498772,-122.686096
Oregon Institute of Technology,8,42.257152,-121.785177
Oregon State University,121,44.56395,-123.274723
Oregon State University-Cascades,,44.042795,-121.333703
Pacific University,8,45.521394,-123.108777
Portland State University,4,45.511601,-122.686289
Reed College,12,45.480959,-122.630348
Southern Oregon University,5,42.185077,-122.695081
University of Oregon,470,44.045146,-123.075792
University of Portland,,45.572724,-122.726691
Western Oregon University,5,44.852235,-123.238309
Willamette University,10,44.935457,-123.030537
Albright College,3,40.361351,-75.909742
Allegheny College,29,41.64869,-80.147168
Alvernia University,2,40.310028,-75.936754
Arcadia University,1,40.092606,-75.163876
Bloomsburg University of Pennsylvania,366,41.00782,-76.447844
Bryn Athyn College,1,40.134393,-75.060808
Bryn Mawr College,6,40.02736,-75.313223
Bucknell University,19,40.954317,-76.882616
Cabrini University,9,40.056355,-75.375263
Cairn University,,40.165809,-74.909509
California University of Pennsylvania,7,40.064964,-79.88679
Carnegie Mellon University,61,40.44357,-79.941993
Cedar Crest College,1,40.586318,-75.519221
Chatham University,15,40.448432,-79.926083
Chestnut Hill College,0,40.08678,-75.228742
Cheyney University of Pennsylvania,0,39.932274,-75.529262
Clarion University of Pennsylvania,2,41.207805,-79.377501
Clarks Summit University,0,41.495062,-75.685472
Community College of Allegheny County,26,40.450908,-80.018453
DeSales University,6,40.539091,-75.375608
Delaware Valley University,17,40.298659,-75.158452
Dickinson College,0,40.202796,-77.197854
Drexel University,36,39.955217,-75.190051
Duquesne University,73,40.43589,-79.993123
East Stroudsburg University,7,40.99599,-75.173905
Eastern University,8,40.050448,-75.370316
Edinboro University,4,41.870717,-80.121318
Elizabethtown College,11,40.149236,-76.593224
Franklin and Marshall College,17,40.048045,-76.319037
Gannon University,74,42.128403,-80.087166
Geneva College,6,40.772518,-80.321826
Gettysburg College,99,39.836597,-77.236792
Grove City College,19,41.1558,-80.081481
Gwynedd Mercy University,,40.202804,-75.236601
Haverford College,4,40.007452,-75.305207
Holy Family University,3,40.060581,-74.986451
Immaculata University,1,40.027981,-75.570711
Indiana University of Pennsylvania,267,40.617531,-79.159332
Juniata College,11,40.500523,-78.017292
Keystone College,0,41.558969,-75.777456
King's College,10,41.250097,-75.879822
Kutztown University,342,40.513561,-75.783933
La Roche University,1,40.568615,-80.014851
La Salle University,17,40.037979,-75.153061
Lafayette College,9,40.69956,-75.209786
Lancaster Bible College,3,40.075347,-76.287761
Lebanon Valley College,0,40.330604,-76.514431
Lehigh University,212,40.606822,-75.380236
Lincoln University,,39.807723,-75.926458
Lock Haven University,88,41.141517,-77.460108
Lycoming College,6,41.24666,-77
Mansfield University of Pennsylvania,10,41.807467,-77.073901
Marywood University,13,41.434587,-75.634142
Mercyhurst University,17,42.10578,-80.053412
Messiah University,38,40.156579,-76.988269
Millersville University of Pennsylvania,69,40.000337,-76.357381
Misericordia University,24,41.345277,-75.971541
Moravian College,22,40.630947,-75.383638
Mount Aloysius College,21,40.459679,-78.600898
Muhlenberg College,3,40.596416,-75.508501999999993
Neumann University,3,39.874876,-75.440022
Penn State University,3456,40.7965,-77.862848
Penn State University Abington,4,40.11683,-75.109083
Penn State University Altoona,206,40.54092,-78.408247
Penn State University Beaver,2,40.678254,-80.296235
Penn State University Behrend,27,42.119433,-79.983773
Penn State University Berks,8,40.357987,-75.972141
Penn State University Brandywine,2,39.926381,-75.446983
Penn State University College of Medicine,19,40.264245,-76.67408
Penn State University Dickinson Law,0,40.199443,-77.197794
Penn State University DuBois,1,41.126941,-78.751784
Penn State University Fayette,3,39.947217,-79.657769
Penn State University Great Valley,0,40.052256,-75.522545
Penn State University Greater Allegheny,0,40.345582,-79.827447
Penn State University Harrisburg,18,40.203766,-76.7423
Penn State University Hazleton,2,40.983958,-76.031061
Penn State University Lehigh Valley,0,40.559208,-75.402507
Penn State University Mont Alto,0,39.842047,-77.542355
Penn State University New Kensington,3,40.551159,-79.697232
Penn State University Schuylkill,2,40.640499,-76.166326
Penn State University Scranton,12,41.440258,-75.620583
Penn State University Shenango,0,41.235053,-80.508764
Penn State University Wilkes-Barre,0,41.306003,-76.016599
Penn State University York,0,39.952327,-76.702835
Pennsylvania College of Technology,66,41.234145,-77.023665
Point Park University,20,40.438768,-80.002061
Robert Morris University,20,40.520415,-80.210468
Rosemont College,5,40.033417,-75.32925
Saint Francis University,6,40.506734,-78.63904
Saint Joseph's University,250,39.994442,-75.238343
Saint Vincent College,10,40.29265,-79.403762
Seton Hill University,34,40.309407,-79.557433
Shippensburg University of Pennsylvania,62,40.057933,-77.522335
Slippery Rock University of Pennsylvania,172,41.062719,-80.045965
Susquehanna University,8,40.797502,-76.875329
Swarthmore College,15,39.905159,-75.354278
Temple University,604,39.980546,-75.156859
Thiel College,31,41.41354,-80.384383
Thomas Jefferson University,124,39.948274,-75.158266
University of Pennsylvania,499,39.950929,-75.19391
University of Pittsburgh,358,40.444387999999996,-79.953254
University of Pittsburgh Johnstown,17,40.265957,-78.834163
University of Pittsburgh at Bradford,6,41.943415,-78.673701
University of Pittsburgh at Greensburg,4,40.276447,-79.532676
University of Scranton,512,41.406556,-75.656915
University of Valley Forge,2,40.117835,-75.5469
University of the Sciences,14,39.946412,-75.207001
Ursinus College,19,40.193023,-75.456505
Villanova University,235,40.039388,-75.345457
Washington & Jefferson College,0,40.170622,-80.24049
Waynesburg University,8,39.899871,-80.186205
West Chester University,97,39.953398,-75.59812
Westminster College,12,41.119272,-80.331017
Widener University,30,39.861689,-75.355363
Wilkes University,37,41.244199,-75.890262
Wilson College,,39.949659,-77.650712
York College of Pennsylvania,35,39.94614,-76.727984
Colegio Universitario de San Juan,,18.428528,-66.066529
Conservatory of Music of Puerto Rico,,18.454016,-66.078811
Escuela de Artes Plasticas y Diseno de Puerto Rico,,18.46778,-66.121348
University of Puerto Rico at Aguadilla,,18.498652,-67.13793
University of Puerto Rico at Arecibo,0,18.469199,-66.74114
University of Puerto Rico at Bayamon,0,18.371398,-66.143541
University of Puerto Rico at Carolina,,18.392069,-65.990165
University of Puerto Rico at Cayey,3,18.11882,-66.162066
University of Puerto Rico at Humacao,,18.146589,-65.838602
University of Puerto Rico at Mayaguez,,18.211142,-67.139172
University of Puerto Rico at Ponce,,17.993314,-66.606215
University of Puerto Rico at Rio Piedras,,18.402826,-66.050009
University of Puerto Rico at Utuado,,18.254577,-66.721667
"University of Puerto Rico, Medical Sciences",,18.396548,-66.074894
Brown University,27,41.82617,-71.40385
Bryant University,29,41.920092,-71.539547
Johnson & Wales University,47,41.819956,-71.41277
Providence College,252,41.842742,-71.437446
Rhode Island College,21,41.842415,-71.46556
Rhode Island School of Design,8,41.825935,-71.407692
Roger Williams University,38,41.650214,-71.260374
Salve Regina University,3,41.471545,-71.30124
University of Rhode Island,396,41.484691,-71.527356
Anderson University,38,34.5152,-82.640358
Benedict College,6,34.012941,-81.020403
Bob Jones University,14,34.874016,-82.365838
Charleston Southern University,23,32.983047,-80.072587
Claflin University,2,33.498444,-80.854319
Clemson University,4082,34.679381,-82.835114
Coastal Carolina University,324,33.794995,-79.011767
Coker University,12,34.37696,-80.070416
College of Charleston,432,32.784225,-79.939794
Converse College,5,34.955534,-81.917881
Erskine College,,34.332087,-82.39095
Francis Marion University,49,34.189777,-79.652854
Furman University,90,34.924676,-82.440458
Greenville Technical College,202,34.826212,-82.371178
Lander University,122,34.199892,-82.164736
Limestone College,16,35.057076,-81.649161
Medical University of South Carolina,249,32.784363,-79.947158
Newberry College,23,34.285868,-81.619777
North Greenville University,103,35.069758,-82.37026
Presbyterian College,83,34.465834,-81.87448
South Carolina State University,10,33.497968,-80.848722
Southern Wesleyan University,6,34.728068,-82.761586
The Citadel,128,32.797183,-79.958775
University of South Carolina,2562,33.996788,-81.026935
University of South Carolina Aiken,18,33.572704,-81.767612
University of South Carolina Beaufort,55,32.303308,-80.973595
University of South Carolina Upstate,67,34.996403,-81.970583
Winthrop University,37,34.941515,-81.031404
Wofford College,85,34.959411,-81.933568
Augustana University,160,43.525148,-96.736975
Black Hills State University,28,44.494889,-103.870966
Dakota State University,9,44.013014,-97.113358
Mount Marty College,21,42.874475,-97.409904
Northern State University,45,45.450829,-98.484728
Oglala Lakota College,0,43.366813,-102.240331
Sinte Gleska University,,43.298878,-100.622549
South Dakota School of Mines and Technology,41,44.075439,-103.205753
South Dakota State University,91,44.317485,-96.782139
University of Sioux Falls,31,43.531574,-96.738229
University of South Dakota,246,42.786019,-96.925283
Austin Peay State University,168,36.533319,-87.354081
Belmont University,64,36.135589,-86.794807
Bethel University,111,36.137848,-88.516762
Carson-Newman University,167,36.122934,-83.491709
Chattanooga State Community College,65,35.100202,-85.237389
Christian Brothers University,41,35.127437,-89.983241
Cleveland State Community College,45,35.200103,-84.879284
Columbia State Community College,50,35.616757,-87.101917
Cumberland University,96,36.204514,-86.298782
Dyersburg State Community College,40,36.047565,-89.390791
East Tennessee State University,272,36.301643,-82.366954
Jackson State Community College,51,35.645571,-88.780005
King University,38,36.585309,-82.159421
Lane College,,35.627378,-88.806535
LeMoyne-Owen College,,35.118641,-90.034101
Lee University,,35.166019,-84.871399
Lincoln Memorial University,87,36.578508,-83.660198
Lipscomb University,108,36.106253,-86.799791
Maryville College,,35.751505,-83.964223
Middle Tennessee State University,277,35.848005,-86.360618
Milligan University,34,36.300147,-82.29407
Motlow State Community College,33,35.365903,-86.299184
Nashville State Community College,43,36.134857,-86.857342
Northeast State Community College,56,36.484961,-82.408885
Pellissippi State Community College,25,35.948303,-84.166504
Rhodes College,7,35.154405,-89.990803
Roane State Community College,57,35.880911,-84.620051
Southern Adventist University,24,35.048254,-85.052088
Southwest Tennessee Community College,76,35.138532,-90.036723
Tennessee College of Applied Technology-Athens,9,35.442944,-84.630484
Tennessee College of Applied Technology-Covington,12,35.545225,-89.659976
Tennessee College of Applied Technology-Crossville,21,35.946609,-85.039137
Tennessee College of Applied Technology-Crump,19,35.221452,-88.319153
Tennessee College of Applied Technology-Dickson,32,36.050549,-87.366455
Tennessee College of Applied Technology-Elizabethton,3,36.366033,-82.178198
Tennessee College of Applied Technology-Harriman,11,35.966107,-84.517871
Tennessee College of Applied Technology-Hartsville,3,36.387191,-86.14366
Tennessee College of Applied Technology-Hohenwald,0,35.551687,-87.573757
Tennessee College of Applied Technology-Jacksboro,4,36.3175,-84.208918
Tennessee College of Applied Technology-Jackson,10,35.606795,-88.919805
Tennessee College of Applied Technology-Knoxville,10,35.957,-83.964151
Tennessee College of Applied Technology-Livingston,28,36.39594,-85.317248
Tennessee College of Applied Technology-McKenzie,6,36.137048,-88.492615
Tennessee College of Applied Technology-McMinnville,6,35.70137,-85.74531
Tennessee College of Applied Technology-Memphis,4,35.150262,-90.039188
Tennessee College of Applied Technology-Morristown,26,36.204643,-83.299503
Tennessee College of Applied Technology-Murfreesboro,26,35.845661,-86.41026
Tennessee College of Applied Technology-Nashville,19,36.132649,-86.856335
Tennessee College of Applied Technology-Newbern,17,36.120067,-89.257582
Tennessee College of Applied Technology-Oneida/Huntsville,5,36.408177,-84.528273
Tennessee College of Applied Technology-Paris,8,36.296408,-88.296432
Tennessee College of Applied Technology-Pulaski,6,35.191308,-87.007818
Tennessee College of Applied Technology-Ripley,16,35.779827,-89.519264
Tennessee College of Applied Technology-Shelbyville,4,35.485655,-86.421097
Tennessee College of Applied Technology-Whiteville,15,35.319574,-89.159449
Tennessee State University,41,36.166321,-86.828275
Tennessee Technological University,516,36.174754,-85.504039
The University of the South,33,35.204719,-85.920179
Trevecca Nazarene University,9,36.141324,-86.754238
Tusculum University,5,36.172435,-82.760818
Union University,62,35.676896,-88.858524
University of Memphis,308,35.118878,-89.938068
University of Tennessee Health Science Center,178,35.140231,-90.033138
University of Tennessee at Chattanooga,583,35.047519,-85.300247
University of Tennessee at Martin,324,36.340338,-88.864211
"University of Tennessee, Knoxville",1674,35.952082,-83.925852
Vanderbilt University,340,36.14659,-86.803369
Volunteer State Community College,84,36.362518,-86.497127
Walters State Community College,28,36.213179,-83.262503
Abilene Christian University,264,32.468943,-99.709797
Angelo State University,151,31.440914,-100.465051
Austin College,85,33.646345,-96.596331
Austin Community College District,17,30.322744,-97.712505
Baylor University,1150,31.546872,-97.121041
Blinn College,158,30.160457,-96.40852
Brazosport College,1,29.048604,-95.40934
Collin College McKinney,6,33.16241,-96.63894
Concordia University Texas,6,30.420232,-97.835703
Dallas Baptist University,46,32.710017,-96.947006
East Texas Baptist University,1,32.557847,-94.374488
Galveston College,3,29.284735,-94.807686
Grayson College,26,33.70574,-96.633891
Hardin-Simmons University,16,32.476434,-99.73564
Hill College,15,32.010928,-97.088332
Houston Baptist University,2,29.693819,-95.515954
Howard Payne University,,31.716467,-98.985204
Lamar University,200,30.042738,-94.072244
Laredo College,,27.506477,-99.520772
LeTourneau University,47,32.46632,-94.726394
Lubbock Christian University,25,33.575973,-101.934426
McLennan Community College,113,31.58947,-97.171228
McMurry University,37,32.429776,-99.748682
Midland College,19,32.029646,-102.106153
Midwestern State University,94,33.874809,-98.519386
Odessa College,46,31.866812,-102.383477
Prairie View A&M University,305,30.092425,-95.989475
Rice University,131,29.717897,-95.402035
Saint Edward's University,15,30.229618,-97.754998
Sam Houston State University,513,30.714738,-95.546205
Schreiner University,4,30.031458,-99.130586
South Texas College,154,26.217591,-98.253634
Southern Methodist University,710,32.843612,-96.783365
Southwestern University,30,30.634341,-97.665738
St. Mary's University,28,29.453244,-98.562778
Stephen F. Austin State University,410,31.621056,-94.64908
Sul Ross State University,100,30.363139,-103.651469
Tarleton State University,301,32.214988,-98.214866
Texas A&M International University,83,27.571172,-99.436043
Texas A&M University,1851,30.618726,-96.336475
Texas A&M University-Central Texas,12,31.053407,-97.775182
Texas A&M University-Commerce,212,33.243745,-95.908451
Texas A&M University-Corpus Christi,129,27.713723,-97.32395
Texas A&M University-Kingsville,100,27.525168,-97.882387
Texas A&M University-San Antonio,56,29.304762,-98.52417
Texas A&M University-Texarkana,27,33.490482,-94.103617
Texas Christian University,1219,32.70961,-97.364758
Texas College,1,32.37456,-95.312454
Texas Lutheran University,16,29.573261,-97.982669
Texas Southern University,26,29.721046,-95.361113
Texas State University,757,29.888885,-97.943029
Texas Tech University,2020,33.583448,-101.874783
Texas Tech University Health Sciences Center,330,33.589284,-101.891915
Texas Tech University Health Sciences Center El Paso,117,31.771891,-106.43122
Texas Wesleyan University,42,32.732962,-97.279613
Texas Womans University,41,33.226211,-97.127842
Trinity University,15,29.462682,-98.48186
Tyler Junior College,127,32.33601,-95.284122
University of Dallas,19,32.846221,-96.919512
University of Houston,306,29.720393,-95.343537
University of Houston-Clear Lake,50,29.582523,-95.098129
University of Houston-Downtown,16,29.7661,-95.359338
University of Houston-Victoria,31,28.816248,-96.976334
University of Mary Hardin at Baylor,136,31.066793,-97.463471
University of North Texas,373,33.211178,-97.148422
University of North Texas Health Science Center,39,32.749907,-97.369138
University of North Texas at Dallas,16,32.659588,-96.803446
University of St. Thomas,0,29.736438,-95.393102
University of Texas Health Science Center at Houston,286,29.702873,-95.403183
University of Texas Health Science Center at San Antonio,242,29.508107,-98.575655
University of Texas Health Science Center at Tyler,28,32.425963,-95.213526
University of Texas MD Anderson Cancer Center,11,29.707016,-95.396804
University of Texas Medical Branch at Galveston,52,29.310758,-94.775956
University of Texas Permian Basin,32,31.889509,-102.329634
University of Texas Rio Grande Valley,134,26.306759,-98.173567
University of Texas Southwestern Medical Center,354,32.812307,-96.841156
University of Texas at Arlington,149,32.729718,-97.11296
University of Texas at Austin,1396,30.282825,-97.738273
University of Texas at Dallas,67,32.984673,-96.749702
University of Texas at El Paso,497,31.77015,-106.504098
University of Texas at San Antonio,31,29.583709,-98.620657
University of Texas at Tyler,140,32.315772,-95.254337
University of the Incarnate Word,52,29.46708,-98.46583
Wayland Baptist University,51,34.187677,-101.730042
West Texas A&M University,215,34.982789,-101.914736
Brigham Young University,2106,40.250851,-111.649281
Dixie State University,145,37.102769,-113.565903
Salt Lake Community College,186,40.671575,-111.942809
Snow College,13,39.360177,-111.58296
Southern Utah University,52,37.674617,-113.070146
University of Utah,972,40.762484,-111.846044
Utah State University,828,41.740748,-111.81391
Utah Valley University,452,40.281078,-111.716456
Weber State University,150,41.192591,-111.944845
Westminster College,22,40.730779,-111.855757
Bennington College,3,42.919547,-73.237799
Castleton University,2,43.608397,-73.180842
Champlain College,5,44.473287,-73.202746
Landmark College,3,42.977172,-72.512549
Middlebury College,4,44.009117,-73.176068
Northern Vermont University-Johnson,0,44.641736,-72.671154
Northern Vermont University-Lyndon,0,44.534525,-72.024955
Norwich University,6,44.140237,-72.659783
Saint Michael's College,1,44.494558,-73.167069
University of Vermont,17,44.477325,-73.196646
Vermont Technical College,1,43.939623,-72.604498
University of the Virgin Islands,3,18.344193,-64.972866
Averett University,51,36.577287,-79.413203
Bluefield College,70,37.244557,-81.246233
Bridgewater College,41,38.378484,-78.969007
Christopher Newport University,76,37.062495,-76.494364
Danville Community College,7,36.565286,-79.408803
Eastern Mennonite University,19,38.471134,-78.880326
Eastern Virginia Medical School,43,36.861232,-76.300694
Emory & Henry College,14,36.772857,-81.829142
Ferrum College,43,36.926912,-80.021639
George Mason University,98,38.829976,-77.307428
Hampden-Sydney College,91,37.240615,-78.464216
Hampton University,9,37.019944,-76.339161
Hollins University,3,37.354201,-79.943277
James Madison University,1591,38.436311,-78.870484
Liberty University,622,37.350232,-79.18222
Longwood University,104,37.301137,-78.39575
Mary Baldwin University,7,38.153884,-79.069273
Marymount University,23,38.905562,-77.128785
Norfolk State University,18,36.848429,-76.261375
Old Dominion University,142,36.886418,-76.30666
Radford University,489,37.136907,-80.549728
Randolph College,1,37.437315,-79.171887
Randolph-Macon College,36,37.76043,-77.478416
Roanoke College,69,37.294861,-80.055467
Shenandoah University,31,39.167355,-78.157433
Southern Virginia University,2,37.740368,-79.35037
Sweet Briar College,9,37.556725,-79.081014
University of Lynchburg,122,37.399774,-79.181653
University of Mary Washington,20,38.302492,-77.476055
University of Richmond,25,37.577393,-77.538806
University of Virginia,1043,38.035665,-78.503428
University of Virginia's College at Wise,15,36.970602,-82.559656
Virginia Commonwealth University,330,37.54962,-77.452697
Virginia Highlands Community College,4,36.698866,-82.001118
Virginia Military Institute,108,37.7896,-79.437067
Virginia State University,4,37.234692,-77.419026
Virginia Tech,1310,37.229012,-80.423675
Virginia Union University,6,37.562405,-77.450903
Virginia Wesleyan University,20,36.868417,-76.18606
Washington and Lee University,77,37.788939,-79.443018
William & Mary,17,37.269489,-76.708214
American University,30,38.936005,-77.088875
Catholic University of America,207,38.933651,-76.997909
Gallaudet University,1,38.907371,-76.993675
George Washington University,60,38.89923,-77.048363
Georgetown University,164,38.908809,-77.073463
Howard University,20,38.922392,-77.018966
Trinity Washington University,0,38.927398,-77.004261
University of the District of Columbia,3,38.943819,-77.066247
Bellevue College,0,47.584014,-122.150118
Bellingham Technical College,0,48.766189,-122.51216
Cascadia College,0,47.760915,-122.191572
Central Washington University,129,47.002687,-120.538368
Centralia College,6,46.715017,-122.960591
Clark College,1,45.636133,-122.651257
Clover Park Technical College,7,47.176084,-122.497873
Columbia Basin College,7,46.25216,-119.12103
Eastern Washington University,178,47.490667,-117.583808
Edmonds College,9,47.816376,-122.327598
Everett Community College,6,48.006626,-122.204736
Evergreen State College,0,47.07382,-122.977492
Gonzaga University,99,47.666531,-117.400625
Grays Harbor College,2,46.953881,-123.803068
Green River College,3,47.313648,-122.175819
Highline College,2,47.388231,-122.303064
Lake Washington Institute of Technology,1,47.705077,-122.167131
Lower Columbia College,1,46.14214,-122.935928
North Seattle College,2,47.698408,-122.333584
Northwest Indian College,2,48.794131,-122.614656
Olympic College,1,47.574769,-122.635113
Pacific Lutheran University,6,47.14516,-122.440421
Peninsula College,0,48.101295,-123.412865
Pierce College Fort Steilacoom,1,47.172082,-122.570935
Renton Technical College,3,47.489206,-122.176303
Saint Martin's University,1,47.041068,-122.816354
Seattle Central College,3,47.616748,-122.321231
Seattle Pacific University,6,47.650214,-122.361667
Seattle University,28,47.608859,-122.318851
Skagit Valley College,1,48.437194,-122.30894
South Seattle College,2,47.5475,-122.352672
Spokane Community College,17,47.674034,-117.360065
Spokane Falls Community College,6,47.676741,-117.463538
Tacoma Community College,1,47.244622,-122.524793
University of Puget Sound,19,47.26308,-122.478982
University of Washington,654,47.65538,-122.30514
University of Washington Bothell,8,47.759773,-122.191293
University of Washington Tacoma,14,47.244594,-122.438541
Walla Walla Community College,2,46.078557000000004,-118.276505
Washington State University,1349,46.730448,-117.158168
Wenatchee Valley College,2,47.431234,-120.337198
Western Washington University,6,48.737812,-122.485734
Whatcom Community College,7,48.7939,-122.493253
Whitman College,2,46.069815,-118.331546
Whitworth University,39,47.753358,-117.416714
Yakima Valley College,8,46.586098,-120.528525
Alderson Broaddus University,27,39.158067,-80.047728
Bethany College,4,40.205819,-80.560056
Bluefield State College,11,37.265732,-81.239037
Concord University,29,37.423723,-81.006696
Davis & Elkins College,7,38.931232,-79.846022
Fairmont State University,38,39.483079,-80.162433
Glenville State College,29,38.93547,-80.834295
Marshall University,128,38.422482,-82.428964
Ohio Valley University,,39.312447,-81.537808
Potomac State College of West Virginia University,2,39.438323,-78.981441
Salem University,6,39.288632,-80.571767
Shepherd University,29,39.433071,-77.804101
University of Charleston,32,38.333367,-81.616244
West Liberty University,32,40.164417,-80.602256
West Virginia School of Osteopathic Medicine,,37.804273,-80.43782
West Virginia State University,40,38.380541,-81.765034
West Virginia University,669,39.634371,-79.954391
West Virginia University Institute of Technology,2,37.775924,-81.184072
West Virginia University at Parkersburg,2,39.216379,-81.506192
West Virginia Wesleyan College,1,38.990661,-80.218969
Wheeling University,3,40.070873,-80.690804
Alverno College,19,42.982842,-87.965174
Beloit College,27,42.504022,-89.029285
Carroll University,87,43.004527,-88.228114
Carthage College,55,42.622969,-87.820924
Concordia University Wisconsin,25,43.253387,-87.91552
Edgewood College,74,43.057059,-89.422884
Lakeland University,23,43.841573,-87.883414
Lawrence University,17,44.261323,-88.397822
Madison Area Technical College,0,43.12183,-89.327921
Maranatha Baptist University,1,43.195013,-88.737016
Marian University,38,43.777411,-88.420638
Marquette University,495,43.03903,-87.927961
Milwaukee School of Engineering,41,43.045364,-87.907691
Mount Mary University,12,43.072507,-88.030732
Northland College,5,46.579087,-90.87476
Ripon College,12,43.844135,-88.842333
Saint Norbert College,184,44.44483,-88.067812
University of Wisconsin-Eau Claire,520,44.798284,-91.501906
University of Wisconsin-Green Bay,122,44.532298,-87.919973
University of Wisconsin-La Crosse,379,43.81568,-91.23186
University of Wisconsin-Madison,3258,43.075409,-89.404098
University of Wisconsin-Milwaukee,613,43.076848,-87.880488
University of Wisconsin-Oshkosh,863,44.026206,-88.549369
University of Wisconsin-Parkside,67,42.647718,-87.855231
University of Wisconsin-Platteville,279,42.733451,-90.48622
University of Wisconsin-River Falls,203,44.8534,-92.622641
University of Wisconsin-Stevens Point,317,44.529582,-89.570934
University of Wisconsin-Stout,127,44.873187,-91.926653
University of Wisconsin-Superior,10,46.717629,-92.091007
University of Wisconsin-Whitewater,449,42.835563,-88.742368
Viterbo University,182,43.803133,-91.244297
Wisconsin Lutheran College,22,43.036943,-88.022718
Casper College,142,42.832788,-106.326712
Eastern Wyoming College,5,42.079354,-104.190823
University of Wyoming,678,41.311773,-105.57931
Western Wyoming Community College,3,41.590964,-109.237126
